market,commodity,date,price
Ejura,Cassava,2022-11-15,6.603772056521997
Ejura,Gari,2022-11-15,4.780119113957925
Ejura,Maize,2022-11-15,2.6033295265015863
Ejura,Maize (yellow),2022-11-15,3.085163592073733
Ejura,Millet,2022-11-15,3.6470291837361133
Ejura,Rice (imported),2022-11-15,4.4967173513227054
Ejura,Rice (local),2022-11-15,5.357002476838876
Ejura,Sorghum,2022-11-15,3.886444137973121
Ejura,Yam,2022-11-15,2.8508041164201376
Ejura,"Fish (mackerel, fresh)",2022-11-15,8.684220748677221
Ejura,Cowpeas,2022-11-15,2.901943607379095
Ejura,Soybeans,2022-11-15,14.862816770973104
Ejura,Eggplants,2022-11-15,3.2065441651581947
Ejura,Onions,2022-11-15,0.8798565967591805
Ejura,Peppers (dried),2022-11-15,3.131999138686604
Ejura,Peppers (fresh),2022-11-15,1.4923097024684988
Ejura,Plantains (apem),2022-11-15,8.36905755722861
Ejura,Plantains (apentu),2022-11-15,10.089347290538417
Ejura,Tomatoes (local),2022-11-15,4.8434706451601235
Ejura,Tomatoes (navrongo),2022-11-15,0.9131650053357028
Ejura,Yam (puna),2022-11-15,5.027916613476051
Ejura,Meat (chicken),2022-11-15,11.5615691277299
Kumasi,Cassava,2022-11-15,1.2000130217221843
Kumasi,Gari,2022-11-15,4.271431819475103
Kumasi,Maize,2022-11-15,7.749370989401557
Kumasi,Maize (yellow),2022-11-15,7.565687668665854
Kumasi,Millet,2022-11-15,4.278632211335948
Kumasi,Rice (imported),2022-11-15,3.964195654252817
Kumasi,Rice (local),2022-11-15,7.37837394376268
Kumasi,Sorghum,2022-11-15,3.7210921230838103
Kumasi,Yam,2022-11-15,3.0221253950347
Kumasi,"Fish (mackerel, fresh)",2022-11-15,1.5806939528660662
Kumasi,Cowpeas,2022-11-15,11.372798849787797
Kumasi,Soybeans,2022-11-15,13.39509718222132
Kumasi,Eggplants,2022-11-15,2.135870805202112
Kumasi,Onions,2022-11-15,0.21104159859759664
Kumasi,Peppers (dried),2022-11-15,2.9037838287584083
Kumasi,Peppers (fresh),2022-11-15,2.6498996492480353
Kumasi,Plantains (apem),2022-11-15,3.4981401700309265
Kumasi,Plantains (apentu),2022-11-15,4.158795534685451
Kumasi,Tomatoes (local),2022-11-15,5.773440727386018
Kumasi,Tomatoes (navrongo),2022-11-15,1.6995527438681612
Kumasi,Yam (puna),2022-11-15,6.0100122016556705
Kumasi,Meat (chicken),2022-11-15,13.178903304795206
Obuasi,Cassava,2022-11-15,1.210240863208969
Obuasi,Gari,2022-11-15,17.025975521793615
Obuasi,Maize,2022-11-15,6.916504677223358
Obuasi,Maize (yellow),2022-11-15,4.641526433888286
Obuasi,Millet,2022-11-15,8.087477673217014
Obuasi,Rice (imported),2022-11-15,4.894153740188283
Obuasi,Rice (local),2022-11-15,5.5980681099078256
Obuasi,Sorghum,2022-11-15,2.7
Obuasi,Yam,2022-11-15,1.6521096864863438
Obuasi,"Fish (mackerel, fresh)",2022-11-15,12.021954357683981
Obuasi,Cowpeas,2022-11-15,10.971569383265615
Obuasi,Soybeans,2022-11-15,5.722423702257723
Obuasi,Eggplants,2022-11-15,4.265397859908537
Obuasi,Onions,2022-11-15,5.58100199299317
Obuasi,Peppers (dried),2022-11-15,4.3953801362345075
Obuasi,Peppers (fresh),2022-11-15,33.50244155982192
Obuasi,Plantains (apem),2022-11-15,3.16620566400068
Obuasi,Plantains (apentu),2022-11-15,8.036104210988679
Obuasi,Tomatoes (local),2022-11-15,5.625816932176763
Obuasi,Tomatoes (navrongo),2022-11-15,1.6933327091728603
Obuasi,Yam (puna),2022-11-15,2.260822931050153
Obuasi,Meat (chicken),2022-11-15,5.302752419207578
Kintampo,Cassava,2022-11-15,2.8333297768897383
Kintampo,Gari,2022-11-15,7.953145505543152
Kintampo,Maize,2022-11-15,3.7071597868974377
Kintampo,Maize (yellow),2022-11-15,3.65795590710134
Kintampo,Millet,2022-11-15,5.090958329588274
Kintampo,Rice (imported),2022-11-15,7.132578827015164
Kintampo,Rice (local),2022-11-15,5.892732200204009
Kintampo,Sorghum,2022-11-15,2.8038235196211008
Kintampo,Yam,2022-11-15,2.7548332478969852
Kintampo,"Fish (mackerel, fresh)",2022-11-15,6.2149955997344755
Kintampo,Cowpeas,2022-11-15,2.8265645157706256
Kintampo,Soybeans,2022-11-15,11.538997981494806
Kintampo,Eggplants,2022-11-15,0.5425198531915778
Kintampo,Onions,2022-11-15,6.8116919744903255
Kintampo,Peppers (dried),2022-11-15,0.12253757517666974
Kintampo,Peppers (fresh),2022-11-15,2.8263425556719826
Kintampo,Plantains (apem),2022-11-15,4.6842501402326615
Kintampo,Plantains (apentu),2022-11-15,4.866850765750648
Kintampo,Tomatoes (local),2022-11-15,2.2735695530912317
Kintampo,Tomatoes (navrongo),2022-11-15,1.001163728414936
Kintampo,Yam (puna),2022-11-15,6.013832551757831
Kintampo,Meat (chicken),2022-11-15,0.318889217186344
Sunyani,Cassava,2022-11-15,1.1630072420842819
Sunyani,Gari,2022-11-15,5.499777482704753
Sunyani,Maize,2022-11-15,4.483933473636102
Sunyani,Maize (yellow),2022-11-15,4.520437656641333
Sunyani,Millet,2022-11-15,5.559742194670854
Sunyani,Rice (imported),2022-11-15,4.458903441050686
Sunyani,Rice (local),2022-11-15,5.264920810571818
Sunyani,Sorghum,2022-11-15,5.136245805756798
Sunyani,Yam,2022-11-15,2.6395235126029366
Sunyani,"Fish (mackerel, fresh)",2022-11-15,9.486083637026539
Sunyani,Cowpeas,2022-11-15,10.231570223186472
Sunyani,Soybeans,2022-11-15,0.9207393353626157
Sunyani,Eggplants,2022-11-15,1.860158688651881
Sunyani,Onions,2022-11-15,6.741527708840569
Sunyani,Peppers (dried),2022-11-15,0.038334231826365084
Sunyani,Peppers (fresh),2022-11-15,1.8122412186276475
Sunyani,Plantains (apem),2022-11-15,2.043213197558234
Sunyani,Plantains (apentu),2022-11-15,0.8884394472099286
Sunyani,Tomatoes (local),2022-11-15,0.4604170155281244
Sunyani,Tomatoes (navrongo),2022-11-15,0.8973309254108923
Sunyani,Yam (puna),2022-11-15,4.1513697393574285
Sunyani,Meat (chicken),2022-11-15,7.243426697226257
Techiman,Cassava,2022-11-15,0.7807231061148853
Techiman,Gari,2022-11-15,5.299199953223198
Techiman,Maize,2022-11-15,3.615959032500916
Techiman,Maize (yellow),2022-11-15,3.497682167768084
Techiman,Millet,2022-11-15,4.345750272217469
Techiman,Rice (imported),2022-11-15,6.699835497097033
Techiman,Rice (local),2022-11-15,5.7405706979424975
Techiman,Sorghum,2022-11-15,4.07512026134419
Techiman,Yam,2022-11-15,1.5841332789670128
Techiman,"Fish (mackerel, fresh)",2022-11-15,5.326027568670269
Techiman,Cowpeas,2022-11-15,8.014007517911566
Techiman,Soybeans,2022-11-15,7.828135050860965
Techiman,Eggplants,2022-11-15,0.6417726301649704
Techiman,Onions,2022-11-15,7.141136913822064
Techiman,Peppers (dried),2022-11-15,4.946503810760531
Techiman,Peppers (fresh),2022-11-15,0.47731909508184267
Techiman,Plantains (apem),2022-11-15,2.68518432918
Techiman,Plantains (apentu),2022-11-15,2.8908417484873556
Techiman,Tomatoes (local),2022-11-15,2.0236056610683817
Techiman,Tomatoes (navrongo),2022-11-15,1.6977589249943885
Techiman,Yam (puna),2022-11-15,2.492584064484987
Techiman,Meat (chicken),2022-11-15,2.500942838499631
Cape Coast,Cassava,2022-11-15,0.5472081841792404
Cape Coast,Gari,2022-11-15,9.681297835469529
Cape Coast,Maize,2022-11-15,7.601146450747931
Cape Coast,Maize (yellow),2022-11-15,7.078243375693081
Cape Coast,Millet,2022-11-15,3.831514065521665
Cape Coast,Rice (imported),2022-11-15,6.698062828479476
Cape Coast,Rice (local),2022-11-15,7.260638582977883
Cape Coast,Sorghum,2022-11-15,3.8423466776472672
Cape Coast,Yam,2022-11-15,6.356384833688184
Cape Coast,"Fish (mackerel, fresh)",2022-11-15,57.673420374359345
Cape Coast,Cowpeas,2022-11-15,8.01385187705822
Cape Coast,Soybeans,2022-11-15,10.976404333623687
Cape Coast,Eggplants,2022-11-15,0.443261962160896
Cape Coast,Onions,2022-11-15,19.1904757235412
Cape Coast,Peppers (dried),2022-11-15,11.56281554637063
Cape Coast,Peppers (fresh),2022-11-15,6.766891602330841
Cape Coast,Plantains (apem),2022-11-15,4.266721880680848
Cape Coast,Plantains (apentu),2022-11-15,3.560480717619107
Cape Coast,Tomatoes (local),2022-11-15,2.3370024764475725
Cape Coast,Tomatoes (navrongo),2022-11-15,12.767923838066471
Cape Coast,Yam (puna),2022-11-15,7.059057137331162
Cape Coast,Meat (chicken),2022-11-15,3.605128226617122
Mankessim,Cassava,2022-11-15,1.7181198539082225
Mankessim,Gari,2022-11-15,5.085262188218212
Mankessim,Maize,2022-11-15,4.1750749272925365
Mankessim,Maize (yellow),2022-11-15,5.075743658100362
Mankessim,Millet,2022-11-15,5.26174735132068
Mankessim,Rice (imported),2022-11-15,5.577577854032047
Mankessim,Rice (local),2022-11-15,5.959284097159332
Mankessim,Sorghum,2022-11-15,3.19
Mankessim,Yam,2022-11-15,2.667270993489181
Mankessim,"Fish (mackerel, fresh)",2022-11-15,11.16982539595881
Mankessim,Cowpeas,2022-11-15,3.7004222454713283
Mankessim,Soybeans,2022-11-15,3.216360610205033
Mankessim,Eggplants,2022-11-15,0.28065414474889594
Mankessim,Onions,2022-11-15,7.9395063953551865
Mankessim,Peppers (dried),2022-11-15,2.4802249070520257
Mankessim,Peppers (fresh),2022-11-15,3.1279464661913305
Mankessim,Plantains (apem),2022-11-15,3.739746335857406
Mankessim,Plantains (apentu),2022-11-15,4.250919008555153
Mankessim,Tomatoes (local),2022-11-15,5.725002507634381
Mankessim,Tomatoes (navrongo),2022-11-15,0.13686798675256506
Mankessim,Yam (puna),2022-11-15,2.0772602731645735
Mankessim,Meat (chicken),2022-11-15,3.170777952369896
Koforidua,Cassava,2022-11-15,1.609380585655512
Koforidua,Gari,2022-11-15,8.642093909216065
Koforidua,Maize,2022-11-15,3.5810074978601714
Koforidua,Maize (yellow),2022-11-15,3.5079878266242086
Koforidua,Millet,2022-11-15,4.88363642769809
Koforidua,Rice (imported),2022-11-15,7.055964441138035
Koforidua,Rice (local),2022-11-15,6.93
Koforidua,Sorghum,2022-11-15,4.9519553550910835
Koforidua,Yam,2022-11-15,4.616393905171534
Koforidua,"Fish (mackerel, fresh)",2022-11-15,17.296744318141837
Koforidua,Cowpeas,2022-11-15,8.591728920051125
Koforidua,Soybeans,2022-11-15,6.494214288999307
Koforidua,Eggplants,2022-11-15,0.8063609405988053
Koforidua,Onions,2022-11-15,2.3052447495332613
Koforidua,Peppers (dried),2022-11-15,8.845896091478672
Koforidua,Peppers (fresh),2022-11-15,3.8501023605122513
Koforidua,Plantains (apem),2022-11-15,3.1978770305033635
Koforidua,Plantains (apentu),2022-11-15,4.663040012196964
Koforidua,Tomatoes (local),2022-11-15,2.3754362073475734
Koforidua,Tomatoes (navrongo),2022-11-15,4.470667617955993
Koforidua,Yam (puna),2022-11-15,5.357174202991505
Koforidua,Meat (chicken),2022-11-15,1.9156063873325935
Accra,Cassava,2022-11-15,3.143583627638802
Accra,Gari,2022-11-15,4.18483344883745
Accra,Maize,2022-11-15,5.675316787306513
Accra,Maize (yellow),2022-11-15,5.469928392319693
Accra,Millet,2022-11-15,5.254039449987316
Accra,Rice (imported),2022-11-15,4.424352480185123
Accra,Rice (local),2022-11-15,6.354699545152935
Accra,Sorghum,2022-11-15,8.945870479770432
Accra,Yam,2022-11-15,5.5148518367289805
Accra,"Fish (mackerel, fresh)",2022-11-15,16.06582988722323
Accra,Cowpeas,2022-11-15,6.838978008780378
Accra,Soybeans,2022-11-15,10.15735230619873
Accra,Eggplants,2022-11-15,0.41060023951614233
Accra,Onions,2022-11-15,17.99319506353691
Accra,Peppers (dried),2022-11-15,14.663295824725665
Accra,Peppers (fresh),2022-11-15,2.723598324044164
Accra,Plantains (apem),2022-11-15,5.2905807094813335
Accra,Plantains (apentu),2022-11-15,1.526858888174441
Accra,Tomatoes (local),2022-11-15,2.402564349921021
Accra,Tomatoes (navrongo),2022-11-15,2.171279487238955
Accra,Yam (puna),2022-11-15,5.408088183970479
Accra,Meat (chicken),2022-11-15,7.39430447459591
Tema,Cassava,2022-11-15,3.231269741616147
Tema,Gari,2022-11-15,14.02152316602317
Tema,Maize,2022-11-15,5.689363159777535
Tema,Maize (yellow),2022-11-15,6.496730800475689
Tema,Millet,2022-11-15,8.908311202187146
Tema,Rice (imported),2022-11-15,10.465215634615674
Tema,Rice (local),2022-11-15,11.078200693310691
Tema,Sorghum,2022-11-15,7.39169214071611
Tema,Yam,2022-11-15,10.407684665292573
Tema,"Fish (mackerel, fresh)",2022-11-15,11.42796531689677
Tema,Cowpeas,2022-11-15,17.03922359381354
Tema,Soybeans,2022-11-15,35.273233506275155
Tema,Eggplants,2022-11-15,1.5030080128366166
Tema,Onions,2022-11-15,5.805983665643378
Tema,Peppers (dried),2022-11-15,0.027362365035513037
Tema,Peppers (fresh),2022-11-15,7.794828159791959
Tema,Plantains (apem),2022-11-15,2.952361373758155
Tema,Plantains (apentu),2022-11-15,0.7344668418552729
Tema,Tomatoes (local),2022-11-15,6.440127688906353
Tema,Tomatoes (navrongo),2022-11-15,8.487709131532544
Tema,Yam (puna),2022-11-15,15.034477620957967
Tema,Meat (chicken),2022-11-15,8.02098123513899
Tamale,Cassava,2022-11-15,3.9264156830517383
Tamale,Gari,2022-11-15,7.22685231274769
Tamale,Maize,2022-11-15,3.810000837075182
Tamale,Maize (yellow),2022-11-15,3.7906702774715573
Tamale,Millet,2022-11-15,5.0338599438852345
Tamale,Rice (imported),2022-11-15,8.236169622541825
Tamale,Rice (local),2022-11-15,3.672621936944526
Tamale,Sorghum,2022-11-15,4.823362006730683
Tamale,Yam,2022-11-15,1.866525113038486
Tamale,"Fish (mackerel, fresh)",2022-11-15,2.5031198404293042
Tamale,Cowpeas,2022-11-15,3.973716946356015
Tamale,Soybeans,2022-11-15,1.9753332474017364
Tamale,Eggplants,2022-11-15,2.3974910967622174
Tamale,Onions,2022-11-15,3.589845656902911
Tamale,Peppers (dried),2022-11-15,0.91458502534671
Tamale,Peppers (fresh),2022-11-15,7.401652845096856
Tamale,Plantains (apem),2022-11-15,6.456228284985176
Tamale,Plantains (apentu),2022-11-15,5.956609120815018
Tamale,Tomatoes (local),2022-11-15,2.618432776425951
Tamale,Tomatoes (navrongo),2022-11-15,2.3227327440223924
Tamale,Yam (puna),2022-11-15,3.0044718738894645
Tamale,Meat (chicken),2022-11-15,11.129764654211016
Yendi,Cassava,2022-11-15,1.415060654481805
Yendi,Gari,2022-11-15,6.619441899018065
Yendi,Maize,2022-11-15,3.575283933368869
Yendi,Millet,2022-11-15,3.279668441449856
Yendi,Rice (imported),2022-11-15,5.004681761696628
Yendi,Rice (local),2022-11-15,5.2103743288353
Yendi,Sorghum,2022-11-15,2.5322902100584965
Yendi,Yam,2022-11-15,3.136863167912478
Yendi,"Fish (mackerel, fresh)",2022-11-15,0.9322493281549966
Yendi,Cowpeas,2022-11-15,3.4151762407119852
Yendi,Soybeans,2022-11-15,14.638872391034331
Yendi,Eggplants,2022-11-15,10.851851549926902
Yendi,Onions,2022-11-15,7.826549002760644
Yendi,Peppers (dried),2022-11-15,14.929999102918483
Yendi,Peppers (fresh),2022-11-15,3.7333446833828994
Yendi,Plantains (apem),2022-11-15,2.390000061976738
Yendi,Plantains (apentu),2022-11-15,3.31
Yendi,Tomatoes (local),2022-11-15,1.2044491866529332
Yendi,Tomatoes (navrongo),2022-11-15,3.220829498057668
Yendi,Yam (puna),2022-11-15,3.298393417520963
Yendi,Meat (chicken),2022-11-15,3.472340289788886
Bolga,Cassava,2022-11-15,7.930643609299134
Bolga,Gari,2022-11-15,3.199247120163154
Bolga,Maize,2022-11-15,3.5772220161294914
Bolga,Maize (yellow),2022-11-15,3.61972086572974
Bolga,Millet,2022-11-15,5.216936673072105
Bolga,Rice (imported),2022-11-15,8.584527622358843
Bolga,Rice (local),2022-11-15,4.605198162353147
Bolga,Sorghum,2022-11-15,3.2175771298512563
Bolga,Yam,2022-11-15,1.1963510006677132
Bolga,"Fish (mackerel, fresh)",2022-11-15,5.7505381118357395
Bolga,Cowpeas,2022-11-15,5.257732119113884
Bolga,Soybeans,2022-11-15,19.15173293379332
Bolga,Eggplants,2022-11-15,7.627820165442651
Bolga,Onions,2022-11-15,7.939044331882778
Bolga,Peppers (dried),2022-11-15,6.0545307502885555
Bolga,Peppers (fresh),2022-11-15,1.5010695581157658
Bolga,Plantains (apem),2022-11-15,14.20890406407854
Bolga,Plantains (apentu),2022-11-15,12.046284328888145
Bolga,Tomatoes (local),2022-11-15,3.159639350195456
Bolga,Tomatoes (navrongo),2022-11-15,1.9386643400156411
Bolga,Yam (puna),2022-11-15,6.563331707712762
Bolga,Meat (chicken),2022-11-15,0.694478440696507
Garu,Cassava,2022-11-15,8.334160983137798
Garu,Gari,2022-11-15,7.473223349364695
Garu,Maize,2022-11-15,4.414559999951321
Garu,Maize (yellow),2022-11-15,4.883898702134205
Garu,Millet,2022-11-15,5.547929552632596
Garu,Rice (imported),2022-11-15,5.559831072009409
Garu,Rice (local),2022-11-15,4.489897367384245
Garu,Sorghum,2022-11-15,4.83884732159801
Garu,Yam,2022-11-15,2.5056427566786557
Garu,"Fish (mackerel, fresh)",2022-11-15,8.821028288990334
Garu,Cowpeas,2022-11-15,12.399648086097535
Garu,Soybeans,2022-11-15,12.363506730103854
Garu,Eggplants,2022-11-15,1.5391337853399363
Garu,Onions,2022-11-15,5.581725557466925
Garu,Peppers (dried),2022-11-15,1.3637665497972105
Garu,Peppers (fresh),2022-11-15,5.1649867660105375
Garu,Plantains (apem),2022-11-15,6.797851226281575
Garu,Plantains (apentu),2022-11-15,7.274102852219649
Garu,Tomatoes (local),2022-11-15,9.157996095129652
Garu,Tomatoes (navrongo),2022-11-15,4.994130899509215
Garu,Yam (puna),2022-11-15,3.9005468323747268
Garu,Meat (chicken),2022-11-15,4.813272484873059
Wa,Cassava,2022-11-15,0.8418148358766904
Wa,Gari,2022-11-15,8.242242577154196
Wa,Maize,2022-11-15,3.9457979766039895
Wa,Maize (yellow),2022-11-15,4.049599357837621
Wa,Millet,2022-11-15,4.398971473602511
Wa,Rice (imported),2022-11-15,9.50760376824393
Wa,Rice (local),2022-11-15,4.341864991509597
Wa,Sorghum,2022-11-15,2.8427941032986572
Wa,Yam,2022-11-15,1.654507976333535
Wa,"Fish (mackerel, fresh)",2022-11-15,20.177661565449377
Wa,Cowpeas,2022-11-15,2.539845126570407
Wa,Soybeans,2022-11-15,1.2549116209080005
Wa,Eggplants,2022-11-15,0.35446947888804725
Wa,Onions,2022-11-15,25.90415520419002
Wa,Peppers (dried),2022-11-15,29.430018547706446
Wa,Peppers (fresh),2022-11-15,1.4950302318209343
Wa,Plantains (apem),2022-11-15,2.228488859426083
Wa,Plantains (apentu),2022-11-15,7.294843478824338
Wa,Tomatoes (local),2022-11-15,31.564829794437998
Wa,Tomatoes (navrongo),2022-11-15,0.06726193517947676
Wa,Yam (puna),2022-11-15,2.1630482000166533
Wa,Meat (chicken),2022-11-15,1.1310863431444016
Ho,Cassava,2022-11-15,3.8305252396986322
Ho,Gari,2022-11-15,4.4316952146793085
Ho,Maize,2022-11-15,4.293708371262892
Ho,Maize (yellow),2022-11-15,4.152150904669984
Ho,Millet,2022-11-15,5.46151311433113
Ho,Rice (imported),2022-11-15,6.448480199503612
Ho,Rice (local),2022-11-15,5.937700354199326
Ho,Sorghum,2022-11-15,5.511374570252045
Ho,Yam,2022-11-15,2.4168798299092025
Ho,"Fish (mackerel, fresh)",2022-11-15,10.818810465470529
Ho,Cowpeas,2022-11-15,4.982419024873316
Ho,Soybeans,2022-11-15,9.175681397059948
Ho,Eggplants,2022-11-15,0.8456229710643721
Ho,Onions,2022-11-15,3.5651246687178104
Ho,Peppers (dried),2022-11-15,2.80423400104861
Ho,Peppers (fresh),2022-11-15,1.8973965745582713
Ho,Plantains (apem),2022-11-15,5.011705414373535
Ho,Plantains (apentu),2022-11-15,5.636567612207506
Ho,Tomatoes (local),2022-11-15,0.07029608407179122
Ho,Tomatoes (navrongo),2022-11-15,1.692538276780843
Ho,Yam (puna),2022-11-15,3.6898014255773663
Ho,Meat (chicken),2022-11-15,1.9727498298775816
Sekondi/Takoradi,Cassava,2022-11-15,0.026742176323389266
Sekondi/Takoradi,Gari,2022-11-15,9.524901702195278
Sekondi/Takoradi,Maize,2022-11-15,5.8703111294935875
Sekondi/Takoradi,Maize (yellow),2022-11-15,5.61583616442697
Sekondi/Takoradi,Millet,2022-11-15,5.595444325643003
Sekondi/Takoradi,Rice (imported),2022-11-15,6.327649361842202
Sekondi/Takoradi,Rice (local),2022-11-15,4.607367518678413
Sekondi/Takoradi,Sorghum,2022-11-15,5.15629381475351
Sekondi/Takoradi,Yam,2022-11-15,6.089542773564599
Sekondi/Takoradi,"Fish (mackerel, fresh)",2022-11-15,5.023842327337864
Sekondi/Takoradi,Cowpeas,2022-11-15,15.750477947507672
Sekondi/Takoradi,Soybeans,2022-11-15,19.669122136230833
Sekondi/Takoradi,Eggplants,2022-11-15,4.024713752264768
Sekondi/Takoradi,Onions,2022-11-15,12.56637940525135
Sekondi/Takoradi,Peppers (dried),2022-11-15,2.878153458609972
Sekondi/Takoradi,Peppers (fresh),2022-11-15,3.5954947102211956
Sekondi/Takoradi,Plantains (apem),2022-11-15,8.686793193207613
Sekondi/Takoradi,Plantains (apentu),2022-11-15,3.483622149278519
Sekondi/Takoradi,Tomatoes (local),2022-11-15,16.090879373207297
Sekondi/Takoradi,Tomatoes (navrongo),2022-11-15,3.5687379233481016
Sekondi/Takoradi,Yam (puna),2022-11-15,4.585819213767007
Sekondi/Takoradi,Meat (chicken),2022-11-15,23.748275816814527
Hohoe,Cassava,2022-11-15,1.3980991577267345
Hohoe,Gari,2022-11-15,5.172380214225802
Hohoe,Maize,2022-11-15,5.061901687462048
Hohoe,Maize (yellow),2022-11-15,1.8984769797525929
Hohoe,Millet,2022-11-15,5.1966220744430665
Hohoe,Rice (imported),2022-11-15,3.0569739179331155
Hohoe,Rice (local),2022-11-15,4.732140833150508
Hohoe,Sorghum,2022-11-15,5.963218129633452
Hohoe,Yam,2022-11-15,3.95636718523046
Hohoe,"Fish (mackerel, fresh)",2022-11-15,1.6733443148582836
Hohoe,Cowpeas,2022-11-15,8.028128124336174
Hohoe,Soybeans,2022-11-15,11.214080132145376
Hohoe,Eggplants,2022-11-15,1.2049988548545276
Hohoe,Onions,2022-11-15,0.014606698447374278
Hohoe,Peppers (dried),2022-11-15,5.751501247954654
Hohoe,Peppers (fresh),2022-11-15,2.7491476524777414
Hohoe,Plantains (apem),2022-11-15,3.4628455892317795
Hohoe,Plantains (apentu),2022-11-15,4.363115388493063
Hohoe,Tomatoes (local),2022-11-15,2.4914794633223365
Hohoe,Tomatoes (navrongo),2022-11-15,1.8463732744682093
Hohoe,Yam (puna),2022-11-15,4.022120714059582
Hohoe,Meat (chicken),2022-11-15,17.38139573685948
Ejura,Cassava,2022-12-15,7.881129202509565
Ejura,Gari,2022-12-15,4.5757708491096265
Ejura,Maize,2022-12-15,2.365104528403297
Ejura,Maize (yellow),2022-12-15,3.1651217001155763
Ejura,Millet,2022-12-15,3.597503564786091
Ejura,Rice (imported),2022-12-15,3.986272785585637
Ejura,Rice (local),2022-12-15,6.24651543614463
Ejura,Sorghum,2022-12-15,3.9312820773095702
Ejura,Yam,2022-12-15,6.894451818538708
Ejura,"Fish (mackerel, fresh)",2022-12-15,9.844017634879688
Ejura,Cowpeas,2022-12-15,2.2380741098293297
Ejura,Soybeans,2022-12-15,14.86638153535758
Ejura,Eggplants,2022-12-15,3.9814180052879133
Ejura,Onions,2022-12-15,1.6030459199632046
Ejura,Peppers (dried),2022-12-15,2.0308103938273856
Ejura,Peppers (fresh),2022-12-15,0.7178995153591881
Ejura,Plantains (apem),2022-12-15,7.785626964761563
Ejura,Plantains (apentu),2022-12-15,7.609076118219477
Ejura,Tomatoes (local),2022-12-15,4.886346558071379
Ejura,Tomatoes (navrongo),2022-12-15,1.848636988922617
Ejura,Yam (puna),2022-12-15,5.108090062833472
Ejura,Meat (chicken),2022-12-15,18.453283227012058
Kumasi,Cassava,2022-12-15,0.6112118775661881
Kumasi,Gari,2022-12-15,5.282875212872132
Kumasi,Maize,2022-12-15,7.4773266341579046
Kumasi,Maize (yellow),2022-12-15,8.43911770725374
Kumasi,Millet,2022-12-15,4.2625778869254844
Kumasi,Rice (imported),2022-12-15,3.784780780796396
Kumasi,Rice (local),2022-12-15,6.6810759035428475
Kumasi,Sorghum,2022-12-15,4.200858875862889
Kumasi,Yam,2022-12-15,4.396678611533677
Kumasi,"Fish (mackerel, fresh)",2022-12-15,1.2261763480205605
Kumasi,Cowpeas,2022-12-15,12.055275924613321
Kumasi,Soybeans,2022-12-15,13.37792269502782
Kumasi,Eggplants,2022-12-15,0.18422294017268648
Kumasi,Onions,2022-12-15,3.1989327300592354
Kumasi,Peppers (dried),2022-12-15,4.462141164045767
Kumasi,Peppers (fresh),2022-12-15,1.7322986530273208
Kumasi,Plantains (apem),2022-12-15,0.19389550782601184
Kumasi,Plantains (apentu),2022-12-15,0.2838375672795568
Kumasi,Tomatoes (local),2022-12-15,5.174202861777937
Kumasi,Tomatoes (navrongo),2022-12-15,0.3036316288972576
Kumasi,Yam (puna),2022-12-15,5.580205933485045
Kumasi,Meat (chicken),2022-12-15,21.317622542280812
Obuasi,Cassava,2022-12-15,3.343172347727887
Obuasi,Gari,2022-12-15,5.845250696018105
Obuasi,Maize,2022-12-15,7.137477345705813
Obuasi,Maize (yellow),2022-12-15,5.11194851548532
Obuasi,Millet,2022-12-15,8.713209646160289
Obuasi,Rice (imported),2022-12-15,3.6768311789197177
Obuasi,Rice (local),2022-12-15,6.430973447361051
Obuasi,Sorghum,2022-12-15,2.7
Obuasi,Yam,2022-12-15,6.296019654720897
Obuasi,"Fish (mackerel, fresh)",2022-12-15,16.984688519969875
Obuasi,Cowpeas,2022-12-15,10.665982749185051
Obuasi,Soybeans,2022-12-15,3.523716700918998
Obuasi,Eggplants,2022-12-15,5.318311501715538
Obuasi,Onions,2022-12-15,4.506219036801816
Obuasi,Peppers (dried),2022-12-15,3.723643810011671
Obuasi,Peppers (fresh),2022-12-15,36.8582320673855
Obuasi,Plantains (apem),2022-12-15,5.985424028137992
Obuasi,Plantains (apentu),2022-12-15,7.08534319625745
Obuasi,Tomatoes (local),2022-12-15,1.6828833110060422
Obuasi,Tomatoes (navrongo),2022-12-15,2.2747770961213787
Obuasi,Yam (puna),2022-12-15,2.603735653314888
Obuasi,Meat (chicken),2022-12-15,4.843084718168778
Kintampo,Cassava,2022-12-15,3.0239130718760197
Kintampo,Gari,2022-12-15,6.388907261356448
Kintampo,Maize,2022-12-15,3.3909516129288915
Kintampo,Maize (yellow),2022-12-15,3.3497723981723992
Kintampo,Millet,2022-12-15,5.134445029996561
Kintampo,Rice (imported),2022-12-15,5.419630139327802
Kintampo,Rice (local),2022-12-15,5.993829067599904
Kintampo,Sorghum,2022-12-15,2.3822172363635445
Kintampo,Yam,2022-12-15,6.577821928919473
Kintampo,"Fish (mackerel, fresh)",2022-12-15,7.646628345927427
Kintampo,Cowpeas,2022-12-15,2.674100345516197
Kintampo,Soybeans,2022-12-15,3.5411425738419604
Kintampo,Eggplants,2022-12-15,0.07528171534064931
Kintampo,Onions,2022-12-15,5.197727709299322
Kintampo,Peppers (dried),2022-12-15,12.638508044192767
Kintampo,Peppers (fresh),2022-12-15,2.4382053642087875
Kintampo,Plantains (apem),2022-12-15,3.959256543620345
Kintampo,Plantains (apentu),2022-12-15,3.1283278239962127
Kintampo,Tomatoes (local),2022-12-15,2.1009791226664767
Kintampo,Tomatoes (navrongo),2022-12-15,1.1118082781417027
Kintampo,Yam (puna),2022-12-15,9.552307652247947
Kintampo,Meat (chicken),2022-12-15,5.117149205931447
Sunyani,Cassava,2022-12-15,2.035917425698204
Sunyani,Gari,2022-12-15,7.237463864694132
Sunyani,Maize,2022-12-15,5.048281975661247
Sunyani,Maize (yellow),2022-12-15,5.7710084102824135
Sunyani,Millet,2022-12-15,4.80096464698092
Sunyani,Rice (imported),2022-12-15,3.33879482871214
Sunyani,Rice (local),2022-12-15,0.4819741474949608
Sunyani,Sorghum,2022-12-15,4.834299536248163
Sunyani,Yam,2022-12-15,9.46981190354642
Sunyani,"Fish (mackerel, fresh)",2022-12-15,15.512759547599938
Sunyani,Cowpeas,2022-12-15,9.019834148435816
Sunyani,Soybeans,2022-12-15,5.182644126519226
Sunyani,Eggplants,2022-12-15,1.3645463669957207
Sunyani,Onions,2022-12-15,10.514932939842268
Sunyani,Peppers (dried),2022-12-15,2.052371041892475
Sunyani,Peppers (fresh),2022-12-15,2.0437668892144663
Sunyani,Plantains (apem),2022-12-15,1.3278262062937514
Sunyani,Plantains (apentu),2022-12-15,2.26492661108344
Sunyani,Tomatoes (local),2022-12-15,2.8527990823367912
Sunyani,Tomatoes (navrongo),2022-12-15,0.5506074554058953
Sunyani,Yam (puna),2022-12-15,6.8574377925650865
Sunyani,Meat (chicken),2022-12-15,8.882003556006916
Techiman,Cassava,2022-12-15,2.850857490839216
Techiman,Gari,2022-12-15,5.990258239659409
Techiman,Maize,2022-12-15,3.524719839205832
Techiman,Maize (yellow),2022-12-15,3.9578171803536506
Techiman,Millet,2022-12-15,4.708700146136157
Techiman,Rice (imported),2022-12-15,4.035443869882331
Techiman,Rice (local),2022-12-15,5.926423990236581
Techiman,Sorghum,2022-12-15,3.961874163445641
Techiman,Yam,2022-12-15,6.882029969362383
Techiman,"Fish (mackerel, fresh)",2022-12-15,8.711922694923992
Techiman,Cowpeas,2022-12-15,8.280716002555463
Techiman,Soybeans,2022-12-15,6.438312832326231
Techiman,Eggplants,2022-12-15,0.2269065669708299
Techiman,Onions,2022-12-15,12.944515967613027
Techiman,Peppers (dried),2022-12-15,9.05236254336587
Techiman,Peppers (fresh),2022-12-15,0.5927270588061206
Techiman,Plantains (apem),2022-12-15,2.9875321585706733
Techiman,Plantains (apentu),2022-12-15,1.6331712755221859
Techiman,Tomatoes (local),2022-12-15,2.795408545872245
Techiman,Tomatoes (navrongo),2022-12-15,0.5313829463670918
Techiman,Yam (puna),2022-12-15,5.1920507250672525
Techiman,Meat (chicken),2022-12-15,10.093971737847355
Cape Coast,Cassava,2022-12-15,1.92292652383476
Cape Coast,Gari,2022-12-15,10.350534941937847
Cape Coast,Maize,2022-12-15,7.8456740249650325
Cape Coast,Maize (yellow),2022-12-15,7.30471004691612
Cape Coast,Millet,2022-12-15,3.609555295714808
Cape Coast,Rice (imported),2022-12-15,7.788442603242127
Cape Coast,Rice (local),2022-12-15,6.826508447326423
Cape Coast,Sorghum,2022-12-15,3.6230566374286726
Cape Coast,Yam,2022-12-15,10.525115660043767
Cape Coast,"Fish (mackerel, fresh)",2022-12-15,57.93415969843912
Cape Coast,Cowpeas,2022-12-15,9.771623375978207
Cape Coast,Soybeans,2022-12-15,5.017385114317474
Cape Coast,Eggplants,2022-12-15,1.9038534086381023
Cape Coast,Onions,2022-12-15,25.464317502658496
Cape Coast,Peppers (dried),2022-12-15,14.086163827140595
Cape Coast,Peppers (fresh),2022-12-15,7.424136775300283
Cape Coast,Plantains (apem),2022-12-15,4.583093795111107
Cape Coast,Plantains (apentu),2022-12-15,1.7669484728764546
Cape Coast,Tomatoes (local),2022-12-15,2.6716959922624244
Cape Coast,Tomatoes (navrongo),2022-12-15,6.952584555769712
Cape Coast,Yam (puna),2022-12-15,8.599641964145778
Cape Coast,Meat (chicken),2022-12-15,2.97236027200365
Mankessim,Cassava,2022-12-15,3.7546115993827742
Mankessim,Gari,2022-12-15,6.6123060663766315
Mankessim,Maize,2022-12-15,4.0203481800524035
Mankessim,Maize (yellow),2022-12-15,5.027098254304656
Mankessim,Millet,2022-12-15,6.567403042098626
Mankessim,Rice (imported),2022-12-15,4.185923942008101
Mankessim,Rice (local),2022-12-15,7.416339070344085
Mankessim,Sorghum,2022-12-15,3.19
Mankessim,Yam,2022-12-15,4.834706302820494
Mankessim,"Fish (mackerel, fresh)",2022-12-15,10.15841775847106
Mankessim,Cowpeas,2022-12-15,3.887736838874786
Mankessim,Soybeans,2022-12-15,2.804536427842054
Mankessim,Eggplants,2022-12-15,1.6245309864957498
Mankessim,Onions,2022-12-15,14.950682101383093
Mankessim,Peppers (dried),2022-12-15,0.3736442085376308
Mankessim,Peppers (fresh),2022-12-15,2.537851836839116
Mankessim,Plantains (apem),2022-12-15,3.976699178433223
Mankessim,Plantains (apentu),2022-12-15,3.4227766792064824
Mankessim,Tomatoes (local),2022-12-15,6.69382443535028
Mankessim,Tomatoes (navrongo),2022-12-15,0.1925740481230298
Mankessim,Yam (puna),2022-12-15,2.817592884207345
Mankessim,Meat (chicken),2022-12-15,7.300277401383461
Koforidua,Cassava,2022-12-15,2.6637133720184405
Koforidua,Gari,2022-12-15,7.83189590293849
Koforidua,Maize,2022-12-15,4.198984059606972
Koforidua,Maize (yellow),2022-12-15,4.515079753442134
Koforidua,Millet,2022-12-15,4.994657719469
Koforidua,Rice (imported),2022-12-15,17.198761277310417
Koforidua,Rice (local),2022-12-15,6.93
Koforidua,Sorghum,2022-12-15,5.11118679775402
Koforidua,Yam,2022-12-15,10.118790836102928
Koforidua,"Fish (mackerel, fresh)",2022-12-15,15.874109681777684
Koforidua,Cowpeas,2022-12-15,10.808218037785974
Koforidua,Soybeans,2022-12-15,7.367815531907446
Koforidua,Eggplants,2022-12-15,2.2857092612373617
Koforidua,Onions,2022-12-15,13.973473754993915
Koforidua,Peppers (dried),2022-12-15,19.433218423903394
Koforidua,Peppers (fresh),2022-12-15,3.991338140472566
Koforidua,Plantains (apem),2022-12-15,2.404119937116864
Koforidua,Plantains (apentu),2022-12-15,1.745003583305393
Koforidua,Tomatoes (local),2022-12-15,2.1851263265243235
Koforidua,Tomatoes (navrongo),2022-12-15,4.81268096167782
Koforidua,Yam (puna),2022-12-15,8.943267140796998
Koforidua,Meat (chicken),2022-12-15,9.5274097956864
Accra,Cassava,2022-12-15,5.093799675515803
Accra,Gari,2022-12-15,4.766730562571061
Accra,Maize,2022-12-15,4.996471992665416
Accra,Maize (yellow),2022-12-15,5.3696086481949665
Accra,Millet,2022-12-15,5.631208005766184
Accra,Rice (imported),2022-12-15,4.193465937733368
Accra,Rice (local),2022-12-15,6.372158335081077
Accra,Sorghum,2022-12-15,9.3779957767555
Accra,Yam,2022-12-15,8.242154610889942
Accra,"Fish (mackerel, fresh)",2022-12-15,16.19696351318746
Accra,Cowpeas,2022-12-15,7.935581412056874
Accra,Soybeans,2022-12-15,7.795359827411994
Accra,Eggplants,2022-12-15,0.9348834766894918
Accra,Onions,2022-12-15,29.98333789451702
Accra,Peppers (dried),2022-12-15,14.828456996337621
Accra,Peppers (fresh),2022-12-15,2.0812462290800298
Accra,Plantains (apem),2022-12-15,4.898003998277575
Accra,Plantains (apentu),2022-12-15,0.3046384038401655
Accra,Tomatoes (local),2022-12-15,1.0828717870489435
Accra,Tomatoes (navrongo),2022-12-15,3.8357297978070077
Accra,Yam (puna),2022-12-15,6.70532188985557
Accra,Meat (chicken),2022-12-15,4.893153813951379
Tema,Cassava,2022-12-15,4.066339952909596
Tema,Gari,2022-12-15,14.458238833635537
Tema,Maize,2022-12-15,6.5359017630230305
Tema,Maize (yellow),2022-12-15,10.157633429656755
Tema,Millet,2022-12-15,9.939579869833082
Tema,Rice (imported),2022-12-15,10.25110290960851
Tema,Rice (local),2022-12-15,11.489728569710906
Tema,Sorghum,2022-12-15,8.050663129385711
Tema,Yam,2022-12-15,10.772864178623939
Tema,"Fish (mackerel, fresh)",2022-12-15,19.465876751287492
Tema,Cowpeas,2022-12-15,16.411586760884404
Tema,Soybeans,2022-12-15,39.809112054845194
Tema,Eggplants,2022-12-15,4.267324526124877
Tema,Onions,2022-12-15,12.274834361089805
Tema,Peppers (dried),2022-12-15,20.417716056862787
Tema,Peppers (fresh),2022-12-15,4.43005065010734
Tema,Plantains (apem),2022-12-15,7.26804045971763
Tema,Plantains (apentu),2022-12-15,7.173082304840966
Tema,Tomatoes (local),2022-12-15,10.234519885018317
Tema,Tomatoes (navrongo),2022-12-15,5.867865232166471
Tema,Yam (puna),2022-12-15,17.014906644879566
Tema,Meat (chicken),2022-12-15,17.084767181360718
Tamale,Cassava,2022-12-15,1.9927119896084542
Tamale,Gari,2022-12-15,12.435712092487067
Tamale,Maize,2022-12-15,4.032299945356406
Tamale,Maize (yellow),2022-12-15,4.188962594939552
Tamale,Millet,2022-12-15,4.949967332511597
Tamale,Rice (imported),2022-12-15,5.978991201375395
Tamale,Rice (local),2022-12-15,3.724020771803691
Tamale,Sorghum,2022-12-15,4.886060724998464
Tamale,Yam,2022-12-15,7.360696645474972
Tamale,"Fish (mackerel, fresh)",2022-12-15,0.44606310380789704
Tamale,Cowpeas,2022-12-15,2.959231118174055
Tamale,Soybeans,2022-12-15,6.17348329510265
Tamale,Eggplants,2022-12-15,0.782142534447356
Tamale,Onions,2022-12-15,4.994058101539339
Tamale,Peppers (dried),2022-12-15,0.05254115112946556
Tamale,Peppers (fresh),2022-12-15,7.924013418426906
Tamale,Plantains (apem),2022-12-15,5.9321999936292915
Tamale,Plantains (apentu),2022-12-15,4.799028020771621
Tamale,Tomatoes (local),2022-12-15,0.10972156993679993
Tamale,Tomatoes (navrongo),2022-12-15,1.6628346141592862
Tamale,Yam (puna),2022-12-15,7.198524842830429
Tamale,Meat (chicken),2022-12-15,15.670606218057841
Yendi,Cassava,2022-12-15,1.3919988698727543
Yendi,Gari,2022-12-15,8.136834379552907
Yendi,Maize,2022-12-15,3.4747170973566512
Yendi,Millet,2022-12-15,3.791035958377288
Yendi,Rice (imported),2022-12-15,5.009151064502602
Yendi,Rice (local),2022-12-15,3.6349637833032507
Yendi,Sorghum,2022-12-15,2.8141212697105065
Yendi,Yam,2022-12-15,6.030717407057207
Yendi,"Fish (mackerel, fresh)",2022-12-15,0.15310674302766403
Yendi,Cowpeas,2022-12-15,4.904596268516001
Yendi,Soybeans,2022-12-15,22.379150953174978
Yendi,Eggplants,2022-12-15,10.308085658733738
Yendi,Onions,2022-12-15,5.827675706295644
Yendi,Peppers (dried),2022-12-15,14.929999102918485
Yendi,Peppers (fresh),2022-12-15,3.592469867562069
Yendi,Plantains (apem),2022-12-15,2.3900000619767376
Yendi,Plantains (apentu),2022-12-15,3.31
Yendi,Tomatoes (local),2022-12-15,1.1246463420631916
Yendi,Tomatoes (navrongo),2022-12-15,2.417536831292706
Yendi,Yam (puna),2022-12-15,3.3619092134052493
Yendi,Meat (chicken),2022-12-15,6.78932944972513
Bolga,Cassava,2022-12-15,4.718133196112098
Bolga,Gari,2022-12-15,1.3247418908438942
Bolga,Maize,2022-12-15,3.779274655882146
Bolga,Maize (yellow),2022-12-15,3.8255391908301686
Bolga,Millet,2022-12-15,5.158893466651495
Bolga,Rice (imported),2022-12-15,7.413639574176549
Bolga,Rice (local),2022-12-15,4.723022860172885
Bolga,Sorghum,2022-12-15,3.5398799519360202
Bolga,Yam,2022-12-15,1.3798610714088222
Bolga,"Fish (mackerel, fresh)",2022-12-15,6.102545008937062
Bolga,Cowpeas,2022-12-15,5.731097170132619
Bolga,Soybeans,2022-12-15,18.844889807323817
Bolga,Eggplants,2022-12-15,8.212370961267853
Bolga,Onions,2022-12-15,0.8813489859491312
Bolga,Peppers (dried),2022-12-15,5.631551239025528
Bolga,Peppers (fresh),2022-12-15,4.4443471306890014
Bolga,Plantains (apem),2022-12-15,17.317791356407742
Bolga,Plantains (apentu),2022-12-15,12.114050497595693
Bolga,Tomatoes (local),2022-12-15,0.1376665324596642
Bolga,Tomatoes (navrongo),2022-12-15,1.4627987038347559
Bolga,Yam (puna),2022-12-15,7.011000963314392
Bolga,Meat (chicken),2022-12-15,0.6347025721128206
Garu,Cassava,2022-12-15,8.473295902563791
Garu,Gari,2022-12-15,6.771667527006593
Garu,Maize,2022-12-15,4.445232574030183
Garu,Maize (yellow),2022-12-15,5.094594123741165
Garu,Millet,2022-12-15,5.412031375904
Garu,Rice (imported),2022-12-15,4.928133307851603
Garu,Rice (local),2022-12-15,4.213019061228287
Garu,Sorghum,2022-12-15,4.642367578766408
Garu,Yam,2022-12-15,1.9832091463629524
Garu,"Fish (mackerel, fresh)",2022-12-15,9.0485548872237
Garu,Cowpeas,2022-12-15,13.299957957470182
Garu,Soybeans,2022-12-15,9.316616199737062
Garu,Eggplants,2022-12-15,0.7449924310344764
Garu,Onions,2022-12-15,3.9396791902262613
Garu,Peppers (dried),2022-12-15,1.506243187370584
Garu,Peppers (fresh),2022-12-15,5.081899516489422
Garu,Plantains (apem),2022-12-15,6.243076018030125
Garu,Plantains (apentu),2022-12-15,6.665772219766048
Garu,Tomatoes (local),2022-12-15,9.24643306509022
Garu,Tomatoes (navrongo),2022-12-15,3.9209390328092386
Garu,Yam (puna),2022-12-15,3.499471233093858
Garu,Meat (chicken),2022-12-15,5.372958659589887
Wa,Cassava,2022-12-15,1.8648147557767119
Wa,Gari,2022-12-15,8.65759545391453
Wa,Maize,2022-12-15,4.074540050672673
Wa,Maize (yellow),2022-12-15,4.340273129465312
Wa,Millet,2022-12-15,4.342487183899389
Wa,Rice (imported),2022-12-15,6.2487341041927635
Wa,Rice (local),2022-12-15,6.345279850139987
Wa,Sorghum,2022-12-15,3.562875974527503
Wa,Yam,2022-12-15,6.2040733785672275
Wa,"Fish (mackerel, fresh)",2022-12-15,19.511115991993783
Wa,Cowpeas,2022-12-15,2.092157782495736
Wa,Soybeans,2022-12-15,4.303893196162843
Wa,Eggplants,2022-12-15,0.5779874744053873
Wa,Onions,2022-12-15,53.34226501860488
Wa,Peppers (dried),2022-12-15,16.88992299937597
Wa,Peppers (fresh),2022-12-15,2.267963644420328
Wa,Plantains (apem),2022-12-15,1.6939509719219428
Wa,Plantains (apentu),2022-12-15,6.937213009541935
Wa,Tomatoes (local),2022-12-15,11.409675187958147
Wa,Tomatoes (navrongo),2022-12-15,1.0350946884289378
Wa,Yam (puna),2022-12-15,4.516744525324464
Wa,Meat (chicken),2022-12-15,2.4585975397069078
Ho,Cassava,2022-12-15,6.748154522782076
Ho,Gari,2022-12-15,5.707864074233531
Ho,Maize,2022-12-15,3.0148696825459815
Ho,Maize (yellow),2022-12-15,2.456316020510937
Ho,Millet,2022-12-15,4.3159882486375585
Ho,Rice (imported),2022-12-15,5.162623026375479
Ho,Rice (local),2022-12-15,6.81979563581197
Ho,Sorghum,2022-12-15,5.347565804303289
Ho,Yam,2022-12-15,5.856864204659014
Ho,"Fish (mackerel, fresh)",2022-12-15,5.704595889200318
Ho,Cowpeas,2022-12-15,4.7079410824649415
Ho,Soybeans,2022-12-15,0.8337398332445893
Ho,Eggplants,2022-12-15,9.055606255580805
Ho,Onions,2022-12-15,0.018204715476401567
Ho,Peppers (dried),2022-12-15,7.739829758937859
Ho,Peppers (fresh),2022-12-15,1.5945148030369656
Ho,Plantains (apem),2022-12-15,3.662756918838258
Ho,Plantains (apentu),2022-12-15,1.2058569572027258
Ho,Tomatoes (local),2022-12-15,0.1638199508708018
Ho,Tomatoes (navrongo),2022-12-15,0.3079635926558064
Ho,Yam (puna),2022-12-15,2.6806712165540647
Ho,Meat (chicken),2022-12-15,0.19663610461572167
Sekondi/Takoradi,Cassava,2022-12-15,2.1850251982528803
Sekondi/Takoradi,Gari,2022-12-15,11.2819654774544
Sekondi/Takoradi,Maize,2022-12-15,5.686057325158407
Sekondi/Takoradi,Maize (yellow),2022-12-15,6.201279510982834
Sekondi/Takoradi,Millet,2022-12-15,4.638003603792559
Sekondi/Takoradi,Rice (imported),2022-12-15,8.480000110929916
Sekondi/Takoradi,Rice (local),2022-12-15,6.569332395090669
Sekondi/Takoradi,Sorghum,2022-12-15,2.1472080573548578
Sekondi/Takoradi,Yam,2022-12-15,12.521081753322282
Sekondi/Takoradi,"Fish (mackerel, fresh)",2022-12-15,9.116417337640966
Sekondi/Takoradi,Cowpeas,2022-12-15,136.1093297861649
Sekondi/Takoradi,Soybeans,2022-12-15,10.649220291570808
Sekondi/Takoradi,Eggplants,2022-12-15,0.1756429164243829
Sekondi/Takoradi,Onions,2022-12-15,8.67194474690235
Sekondi/Takoradi,Peppers (dried),2022-12-15,7.155350487549375
Sekondi/Takoradi,Peppers (fresh),2022-12-15,10.37736847271835
Sekondi/Takoradi,Plantains (apem),2022-12-15,11.722332304098925
Sekondi/Takoradi,Plantains (apentu),2022-12-15,3.176362883311022
Sekondi/Takoradi,Tomatoes (local),2022-12-15,20.599832730085385
Sekondi/Takoradi,Tomatoes (navrongo),2022-12-15,1.1741778632376314
Sekondi/Takoradi,Yam (puna),2022-12-15,7.210888096033845
Sekondi/Takoradi,Meat (chicken),2022-12-15,3.5940914278556484
Hohoe,Cassava,2022-12-15,1.4836670422196137
Hohoe,Gari,2022-12-15,7.320592886829758
Hohoe,Maize,2022-12-15,4.889772588660679
Hohoe,Maize (yellow),2022-12-15,1.7895639649393396
Hohoe,Millet,2022-12-15,4.9526026136223
Hohoe,Rice (imported),2022-12-15,4.565893893443152
Hohoe,Rice (local),2022-12-15,5.314443273495587
Hohoe,Sorghum,2022-12-15,4.679197933230219
Hohoe,Yam,2022-12-15,3.6689696859149183
Hohoe,"Fish (mackerel, fresh)",2022-12-15,6.046237632774891
Hohoe,Cowpeas,2022-12-15,9.312729804298037
Hohoe,Soybeans,2022-12-15,9.037501891887018
Hohoe,Eggplants,2022-12-15,1.5067333002687744
Hohoe,Onions,2022-12-15,4.377753236509699
Hohoe,Peppers (dried),2022-12-15,7.4647178589889975
Hohoe,Peppers (fresh),2022-12-15,1.3751072083403593
Hohoe,Plantains (apem),2022-12-15,3.68074396162774
Hohoe,Plantains (apentu),2022-12-15,0.8889220298564027
Hohoe,Tomatoes (local),2022-12-15,1.8964500079744675
Hohoe,Tomatoes (navrongo),2022-12-15,0.6590541271436685
Hohoe,Yam (puna),2022-12-15,3.2725788349248557
Hohoe,Meat (chicken),2022-12-15,20.281914835619364
